{"cameraMode":{"drawMode":0,"name":"Shaded","section":"Shading Mode"},"sceneLighting":true,"audioPlay":false,"sceneViewState":{"m_AlwaysRefresh":false,"showFog":true,"showSkybox":true,"showFlares":true,"showImageEffects":true,"showParticleSystems":true,"showVisualEffectGraphs":true,"m_FxEnabled":true},"in2DMode":false,"pivot":{"x":5.262107849121094,"y":1.0715913772583008,"z":0.20746266841888429},"rotation":{"x":0.061154916882514957,"y":-0.6953835487365723,"z":0.05960426852107048,"w":0.713557779788971},"size":1.646378517150879,"orthographic":true}